you8,M0opCK41m9,O,아름다워,you8@ruu.kr,여자,2006,5,20
reform2,SBFqmhP1J9,O,예쭈,reform2@ruu.kr,여자,2003,3,18
shabrang1,hif67KBQr8,O,suziny,shabrang1@ruu.kr,여자,2000,2,3
lendlease9,n1G4DsHbdz,O,아리라루76,lendlease9@ruu.kr,여자,2004,7,14
whdd1,AHTiC1OaBr,O,alsan1201,whdd1@ruu.kr,여자,2001,12,23
point8,QqEgzTrDkW,O,koohy94,point8@ruu.kr,여자,2006,3,6
josh5,wGsCvF8OgY,O,아메바0,josh5@ruu.kr,여자,2008,2,21
medusa1,utzh6xriyC,O,gorgeousgirl,medusa1@ruu.kr,여자,1999,1,15
finance3,srhMwZ95gV,O,수박즙v,finance3@ruu.kr,여자,2004,9,13
saori5,KJ0AivltNE,O,여니찡,saori5@ruu.kr,여자,2007,4,13
andrews5,Nb6dZpYOWR,O,찻챠,andrews5@ruu.kr,여자,2004,4,24
weighell7,6Z2FQRqsci,O,민트초코@@,weighell7@ruu.kr,여자,2007,8,15
koutroumbis2,1hGXgUuRry,O,피노29,koutroumbis2@ruu.kr,여자,2002,11,22
list8,d7IcnTCS0L,O,연희연희민,list8@ruu.kr,여자,2005,1,1
alpsee1,NLQC5Vi8K6,O,데이모스,alpsee1@ruu.kr,여자,1999,1,15
leeuwarderadeel10,bmK5n2CrgW,O,초코볼맛있다,leeuwarderadeel10@ruu.kr,여자,2004,8,4
telisha4,DtE9j8hiOa,O,미미나미,telisha4@ruu.kr,여자,2002,8,14
school9,gfiXQLRNjt,O,안토,school9@ruu.kr,여자,2002,10,20
lauryn6,Y36VPxIqbv,O,가나다다,lauryn6@ruu.kr,여자,2003,9,20
knuckles3,gCtkunON0J,O,하니버터칩,knuckles3@ruu.kr,여자,2001,6,5
hizey10,ew30TrDh1E,O,alicehae,hizey10@ruu.kr,여자,2005,5,7
suematsu8,m59uRLU1HO,O,ravishingsh,suematsu8@ruu.kr,여자,2005,6,25
echinobunus5,pTj7qxXn9B,O,unee91,echinobunus5@ruu.kr,여자,2001,11,2
rick9,axu0AJXLYG,O,샤랄랄라랄라,rick9@ruu.kr,여자,2000,8,20
ratangarh9,bnQHszM6jg,O,이던,ratangarh9@ruu.kr,여자,2002,2,21
selina1,h5muFYMcbo,O,까꿍애깅이,selina1@ruu.kr,여자,2002,4,5
karen9,FAu9ZthaE2,O,하나모모,karen9@ruu.kr,여자,2008,7,16
arbnor5,5mPaiNOGK2,O,지속력한우물판다,arbnor5@ruu.kr,여자,2006,1,10
alma9,PORp8naqK0,O,유르르릉,alma9@ruu.kr,여자,2007,5,2
stan3,b5Ja2q84tS,O,KLUD,stan3@ruu.kr,여자,2007,7,4
wolanowski4,3OWl2sTVRj,O,ooong,wolanowski4@ruu.kr,여자,1999,7,20
lucent9,vY8sI7X2LW,O,이메일까먹음,lucent9@ruu.kr,여자,2002,9,21
america4,CtkfY6nj7P,O,감귤콕,america4@ruu.kr,여자,2000,9,13
ellerslie9,35EdytrAb1,O,니몽이,ellerslie9@ruu.kr,여자,2003,2,19
jackie7,N68eRy02nD,O,귤규리,jackie7@ruu.kr,여자,2006,9,20
delphine3,jkKiU2Hzeo,O,예찌당,delphine3@ruu.kr,여자,2003,4,1
coalgebra10,zW0ka1xVQT,O,비비보단파데,coalgebra10@ruu.kr,여자,2001,10,24
james9,4BadxlZWj3,O,zzN,james9@ruu.kr,여자,2003,7,17
flajolet10,TGpSDKsVl7,O,yu5003,flajolet10@ruu.kr,여자,2001,3,25
sutton7,VXfujlrLB1,O,대장닭고기,sutton7@ruu.kr,여자,2003,5,19
surrey1,bxOr4tYe9z,O,씩씩한부엉이,surrey1@ruu.kr,여자,2001,9,9
peiwei7,UBzdp4Yn5E,O,돼지여니,peiwei7@ruu.kr,여자,2004,3,7
research1,WoYcDuRHfq,O,sh12,research1@ruu.kr,여자,2006,9,15
pigritia8,YRLqV3Wk42,O,호갱댓츠옙,pigritia8@ruu.kr,여자,2007,2,24
republican2,J9yb7idsYg,O,01010,republican2@ruu.kr,여자,2004,6,9
phyllodytes9,80idRyELr9,O,더저아,phyllodytes9@ruu.kr,여자,1999,7,25
pseudospirocyclina2,x0CGIANmKv,O,카링고,pseudospirocyclina2@ruu.kr,여자,1999,10,2
rey7,NLs1whG7gF,O,스릴러더쿠,rey7@ruu.kr,여자,2007,6,23
james7,bZrxPTKHDu,O,호이호이찡,james7@ruu.kr,여자,2007,12,14
catarhoe3,B52J309WLQ,O,Dolce9,catarhoe3@ruu.kr,여자,2005,10,26
life6,Vq24mFNUYx,O,거품라면,life6@ruu.kr,여자,2001,10,13
clodfelter5,lvTNYhpgsq,O,웨슝,clodfelter5@ruu.kr,여자,2004,9,2
harper2,orvS4LXQs3,O,칸춍,harper2@ruu.kr,여자,2003,9,21
district10,8ayMwVjnRX,O,플룻요정,district10@ruu.kr,여자,2003,3,19
larabanga4,IsNaV1tgo5,O,늙어간다,larabanga4@ruu.kr,여자,2007,6,19
cocasset8,i6EX0vmF9A,O,경리니,cocasset8@ruu.kr,여자,2008,5,20
puritan3,dPkY34jBvf,O,설탕형,puritan3@ruu.kr,남자,2003,3,22
spitze1,3HilRXnEpy,O,merryfang,spitze1@ruu.kr,여자,2001,9,10
district2,DNjBCxXlP3,O,착한고구마말랭이,district2@ruu.kr,여자,2000,5,9
margaret5,XjPICvQkw4,O,sheri,margaret5@ruu.kr,여자,2003,7,2
severus2,yKXSEe0l3O,O,kmj.,severus2@ruu.kr,여자,2008,12,23
stoney8,K9aPhQXZln,O,엄마는마법사v,stoney8@ruu.kr,여자,2005,8,22
georgievsk4,pHYI9yNehW,O,긍정옌,georgievsk4@ruu.kr,여자,2008,9,4
ambrym1,WCc1l8sSrm,O,이히이히,ambrym1@ruu.kr,여자,2008,4,5
merle9,dRtCm8pcXU,O,kaworu,merle9@ruu.kr,여자,2002,6,27
illinois1,TSB2wt6oRv,O,kangjj0902,illinois1@ruu.kr,여자,2005,7,15
tham10,Qts7rFvLb0,O,ziziu19,tham10@ruu.kr,여자,2002,8,14
cup5,Gy5FXQB8iP,O,choco_2,cup5@ruu.kr,여자,2000,12,19
veluwe4,jMFxC6aco5,O,루시엔스,veluwe4@ruu.kr,여자,2006,3,4
temple3,nyFvbrG5Az,O,묘묘xo,temple3@ruu.kr,여자,2003,2,20
eldho7,cTO0fhgjRJ,O,olivia426,eldho7@ruu.kr,여자,2007,8,27
beijing1,ckiBou38UF,O,허이짜뚱띠,beijing1@ruu.kr,여자,2004,1,17
mythology2,WLISYAUM2n,O,이신갑닷,mythology2@ruu.kr,여자,2006,2,1
hms4,0CthGlawdo,O,mh418,hms4@ruu.kr,여자,2008,1,24
mnemata1,cto1bSiBQF,O,코랄오렌지,mnemata1@ruu.kr,여자,2005,11,11
acanthobothrium7,U1qVofaxcp,O,쑤0320,acanthobothrium7@ruu.kr,여자,2004,11,7
the1,hGkoVwCUMs,O,쥬네일,the1@ruu.kr,여자,2004,10,10
sulcatithorax1,hRlBSLjboc,O,새양,sulcatithorax1@ruu.kr,여자,2005,4,19
almohadites4,P61Ic7XqYo,O,반짝반짝486,almohadites4@ruu.kr,여자,2005,11,6
jehoash8,D5R0CAJFTW,O,수바긔,jehoash8@ruu.kr,여자,2005,9,20
nebria9,OnFGk4CL5j,O,가지용,nebria9@ruu.kr,여자,2002,10,2
clubs9,qLZ8kt2BmC,O,soulerstar,clubs9@ruu.kr,여자,2008,2,6
shenker7,WjlzEvuDLT,O,미롱23,shenker7@ruu.kr,여자,2008,2,9
michel8,yN6rCRYgo8,O,palm10,michel8@ruu.kr,여자,2001,7,25
oaken7,QTGBLlpaHR,O,쪼이♥,oaken7@ruu.kr,여자,2004,7,14
issolina10,olDQd9rSAO,O,오리라니,issolina10@ruu.kr,여자,2000,2,7
spice10,EcCd9RfWSV,O,욤뇸뇨,spice10@ruu.kr,여자,2005,3,12
snoozebox8,I74xzDX1mS,O,차이주이,snoozebox8@ruu.kr,여자,1999,11,15
shizhong9,3PdVaGKOZw,O,jiae522,shizhong9@ruu.kr,여자,2002,10,21
kapillayuq8,Dbc59mWFoO,O,jmij00,kapillayuq8@ruu.kr,여자,2003,12,11
kalischer1,jSmAIQOdZv,O,ohbo,kalischer1@ruu.kr,여자,2007,2,21
cecil8,JbjPUI7eG8,O,지둘기,cecil8@ruu.kr,여자,2003,8,20
alive7,NFYGO4fvdr,O,tnqnwl,alive7@ruu.kr,여자,2005,9,27
massoteres2,EekiVq58QD,O,효오니,massoteres2@ruu.kr,여자,2008,6,18
justin4,NHQPRXjKUw,O,펴니,justin4@ruu.kr,여자,2003,6,19
kaeo5,pfi71G6dWF,O,융돼지,kaeo5@ruu.kr,여자,2001,5,28
jewett10,eVm9XvGMjB,O,앙젼,jewett10@ruu.kr,여자,2000,5,9
war7,715DyRKeHF,O,판다다,war7@ruu.kr,여자,2000,2,16
pyrophaena10,HK1z2sh3yd,O,보름보름해,pyrophaena10@ruu.kr,여자,2005,3,3
bara7,2QKZLImWRu,O,호두든호두,bara7@ruu.kr,여자,2000,12,19
constitutional9,CdI5sWxVaR,O,코나코나,constitutional9@ruu.kr,여자,2004,10,4
amorphosynthesis9,lnbEI9M83z,O,밍밍이밍,amorphosynthesis9@ruu.kr,여자,2000,5,6
sturmtrupppfadfinder3,EL5niRlmT7,O,minteva,sturmtrupppfadfinder3@ruu.kr,여자,2002,1,9
ernestomer9,qOZLNBhsGt,O,einste,ernestomer9@ruu.kr,여자,2008,4,21
jane1,a7Z0oTFXEm,O,chu츄,jane1@ruu.kr,여자,1999,2,5
rasl11b3,4zFYdCPJX8,O,쫑알PoweR,rasl11b3@ruu.kr,여자,2008,3,7
xanthophyllum4,LlwxMhJSej,O,부릉부룽,xanthophyllum4@ruu.kr,여자,2003,9,23
palmer6,6Bu8UtKIJv,O,ssamza,palmer6@ruu.kr,여자,2008,3,11
road2,elVDTwBIOx,O,아랑나랑,road2@ruu.kr,여자,2000,3,16
townshend9,XLSI0gP9EV,O,모란이네,townshend9@ruu.kr,여자,2007,2,18
bowman6,4Be9sYQEZK,O,ekdmsl04,bowman6@ruu.kr,여자,2006,7,13
neel5,WbjtZTRIvD,O,단글쟁,neel5@ruu.kr,여자,2007,9,8
alberta10,l2QctoVxeZ,O,난잘모르게쩡,alberta10@ruu.kr,여자,1999,7,22
odontocera6,i8aKrzUWBQ,O,루루류미,odontocera6@ruu.kr,여자,2008,8,20
belkuchi9,8Nie6kQEL5,O,비행소녀82,belkuchi9@ruu.kr,여자,2008,1,22
diacme10,QIMXgzE1K8,O,조은거만쓸거,diacme10@ruu.kr,여자,2000,8,25
rubiton2,BnVmTel3GW,O,헤님,rubiton2@ruu.kr,여자,2002,6,24
duck3,DOCgu7VSJK,O,charming,duck3@ruu.kr,여자,2001,4,25
company5,u5UAam9Pjd,O,무보,company5@ruu.kr,여자,2004,6,4
beryslav3,CeDw3cXbOW,O,송민경,beryslav3@ruu.kr,여자,2003,6,2
melissa5,zB47InpJNh,O,영원한24,melissa5@ruu.kr,여자,2003,5,28
bintang9,NC9iDx0hK3,O,nahen06,bintang9@ruu.kr,여자,1999,9,3
bozzalla4,FvMkItaZY5,O,읗힣앟햏,bozzalla4@ruu.kr,여자,2000,11,2
bloomfield4,TStmvD20Lg,O,robloa,bloomfield4@ruu.kr,남자,2007,3,7
season4,vuwlhUKQLq,O,ㄱㄱㄹㄹ숏,season4@ruu.kr,여자,2008,7,2
diania6,C60RNPJXlf,O,오로라퀸,diania6@ruu.kr,여자,1999,11,19
djo1,8kcuwvztQO,O,이수하늘,djo1@ruu.kr,여자,1999,11,14
otani3,1x9fAFRLgm,O,냠냐암,otani3@ruu.kr,여자,2001,4,19
blue10,23fj8emLIF,O,leone,blue10@ruu.kr,여자,1999,9,20
team3,UTrCkoiVNt,O,왕키,team3@ruu.kr,여자,2005,1,10
jeux9,7wAUxCacF0,O,다죵죵,jeux9@ruu.kr,여자,2000,5,13
mazandaran7,SAMw9oOYFW,O,꿹뚦쉙렉,mazandaran7@ruu.kr,여자,2000,4,17
attardo2,CFIStNf5De,O,daily02,attardo2@ruu.kr,여자,2007,9,11
patton5,tNpLr79quB,O,손송송,patton5@ruu.kr,여자,1999,4,22
cruz3,YL40HF3zZN,O,saeri,cruz3@ruu.kr,여자,1999,10,22
carl3,G24Ig8YHsf,O,yola,carl3@ruu.kr,여자,1999,12,6
ariankuppam7,ljBMfzD3Q8,O,끼리,ariankuppam7@ruu.kr,여자,2005,1,3
piazza5,PUWCxY1hp8,O,효섭이,piazza5@ruu.kr,여자,2006,9,19
stanislav2,AG9Q1ezm3U,O,kidc95,stanislav2@ruu.kr,여자,2007,7,24
manafest7,Evrelpcu4C,O,응애코덕,manafest7@ruu.kr,여자,2007,9,22
county2,zlYOC1fXF0,O,푸른꽃,county2@ruu.kr,여자,2000,11,13
list4,VN3ODwj1Zk,O,킴꼬까신,list4@ruu.kr,여자,2001,7,22
santa10,0HLgG9skWP,O,jwowon,santa10@ruu.kr,여자,2004,11,6
school7,UeS8MqXb6K,O,rawlll,school7@ruu.kr,여자,1999,6,27
public8,eV7kYWzvRi,O,yizhen,public8@ruu.kr,여자,2003,11,11
flores3,3Vc4n5PIgW,O,syjang,flores3@ruu.kr,여자,2001,6,12
california8,829z7j0xuL,O,weeri,california8@ruu.kr,여자,2004,9,3
global3,qlH26jDEmL,O,횽횽횽,global3@ruu.kr,여자,2001,9,13
bozkurt6,wQzFL43ZrO,O,노을빛,bozkurt6@ruu.kr,여자,2004,4,27
california1,FhiIsVUSr0,O,hot27melon,california1@ruu.kr,여자,2001,1,6
slessor4,yGjJPcih2z,O,Nari,slessor4@ruu.kr,여자,2001,4,20
matan10,xqsGURlToQ,O,벼르,matan10@ruu.kr,여자,1999,4,16
werner4,KQmFLNZ1yi,O,연서녀,werner4@ruu.kr,여자,2000,5,27
western8,nbZSHW7x3o,O,뀨혜연,western8@ruu.kr,여자,2000,1,6
house10,AqDKI2iN61,O,꽃타래,house10@ruu.kr,여자,2001,1,28
foglio5,el3XIbLfC8,O,티보,foglio5@ruu.kr,여자,2004,4,12
grin2a9,dXeSsMOLG5,O,회원21,grin2a9@ruu.kr,여자,2007,1,7
amalia5,jcA0SkXoz8,O,쨩best,amalia5@ruu.kr,여자,2001,4,19
burruni1,ZwIMdy3VhO,O,일단사고보자,burruni1@ruu.kr,여자,2004,2,4
morgan9,zV8ie4slT1,O,창작의고통,morgan9@ruu.kr,여자,1999,11,1
avkit9,vlkFPcDEeR,O,하야야,avkit9@ruu.kr,여자,2007,12,19
maxse9,KtsmBXPdYH,O,JazzTango,maxse9@ruu.kr,여자,2003,5,25
willem9,l3bXV8mI6S,O,새맴,willem9@ruu.kr,여자,2007,9,28
horse2,Pnl28eZmUz,O,ㅇㅅㅇ23,horse2@ruu.kr,여자,2001,3,3
kote9,kJMorglL80,O,MiHoo,kote9@ruu.kr,여자,2005,9,3
lewisham6,6nYVTD7yol,O,뉴늉늉,lewisham6@ruu.kr,여자,2002,12,25
mgroup5,LZzfsXr4Pu,O,나힝,mgroup5@ruu.kr,여자,2000,8,2
roadmap6,8JVE0BS6h9,O,o김수진o,roadmap6@ruu.kr,여자,2000,10,13
airport8,jdbhGJI0R7,O,귀찬이,airport8@ruu.kr,여자,2003,9,16
arbeiterzeitung3,xBh2wq9Ei6,O,irene0,arbeiterzeitung3@ruu.kr,여자,2000,2,23
jof3,3N8wEyG0d4,O,랑아홍,jof3@ruu.kr,여자,2003,2,15
rybnik1,zNPXSqwHFL,O,아이러브허니,rybnik1@ruu.kr,여자,2003,2,12
dyce5,ikF4jZWn7R,O,야레야레에,dyce5@ruu.kr,여자,2007,6,28
leotiomycetidae5,b2GCXVxnfO,O,아이미쓰유,leotiomycetidae5@ruu.kr,여자,2008,1,2
kurnia3,M0yoBeHmsY,O,깨민정,kurnia3@ruu.kr,여자,2004,7,12
inc3,0T5uOKF98k,O,메요용,inc3@ruu.kr,여자,2000,2,23
lolliani9,TkNVtrL3dq,O,보조개a,lolliani9@ruu.kr,여자,2000,8,23
goodnow5,7p9DSx2HjG,O,단독주택,goodnow5@ruu.kr,여자,2007,4,15
representatives3,hBnXG5FHwP,O,마루이치,representatives3@ruu.kr,여자,2001,9,14
takeshi3,3OZuozJW49,O,덕수니맘,takeshi3@ruu.kr,여자,2005,5,14
waterbug3,9yMWjBpHuO,O,촠촠,waterbug3@ruu.kr,여자,2004,5,18
pfeifferi10,PhQbEwce2s,O,맘무,pfeifferi10@ruu.kr,여자,1999,8,11
mikavica1,aHbcI5vQDw,O,아이시스,mikavica1@ruu.kr,여자,2002,8,21
and3,3hXG4lf5KF,O,키쉬,and3@ruu.kr,여자,2005,11,25
payment6,V67sHq9Q5S,O,핑크겅듀,payment6@ruu.kr,여자,1999,3,28
double7,liPf9UbBVj,O,어린왕자님,double7@ruu.kr,남자,2000,4,18
walter7,2Yw5eoEM8t,O,예거꾸,walter7@ruu.kr,여자,2004,7,4
hatfield9,ajNs2ou6qF,O,윤피디,hatfield9@ruu.kr,여자,1999,11,1
kavminvodyavia8,uHnxi0LpmN,O,젼뚜,kavminvodyavia8@ruu.kr,여자,2003,11,26
poland4,qs56vVzxMb,O,plumsketch,poland4@ruu.kr,여자,2008,1,19
pavlo6,tY3RzJFjdr,O,가을오징어,pavlo6@ruu.kr,여자,2001,12,7
singer8,LKPZk8XTM4,O,뭐로하쥬,singer8@ruu.kr,여자,2000,11,3
badge4,FJh5BoXSvp,O,여자라면뷰티,badge4@ruu.kr,여자,2004,8,13
plate7,FuA2W4HYid,O,skrud1275,plate7@ruu.kr,여자,2000,2,10
monument3,LakCMfNUX5,O,stelasj,monument3@ruu.kr,여자,2003,9,8
chartbreak3,3bilaBcDvJ,O,eunruf,chartbreak3@ruu.kr,여자,2004,7,3
corps3,vhATPmR6Ii,O,쏘옹유,corps3@ruu.kr,여자,2005,2,13
alduhur9,Ml2rxhsNCo,O,없는데,alduhur9@ruu.kr,여자,2007,6,19
name5,PIgdS1OrK8,O,우끽,name5@ruu.kr,여자,2006,6,1
milton3,eYJdkKLqE1,O,혜해,milton3@ruu.kr,여자,2005,5,13
partanen7,vGKw5JetRL,O,올챙이댄스,partanen7@ruu.kr,여자,2003,11,28
thrikkakkara9,ZjqtuJvbgW,O,미잘,thrikkakkara9@ruu.kr,여자,1999,8,3
kibalo4,QDJL97b16T,O,촠촠칩,kibalo4@ruu.kr,여자,2005,12,13
eims8,qgtFUTenWi,O,발레리나슈,eims8@ruu.kr,여자,2008,12,15
sharqi8,lR8JIKZdQi,O,초능력아기,sharqi8@ruu.kr,여자,2005,3,15
miika10,dfi7C5MvVa,O,은정마녀,miika10@ruu.kr,여자,2001,10,12
heritage2,Z40cMR8BNV,O,노니나,heritage2@ruu.kr,여자,2006,11,17
sosnovaya5,QXGcbqEtFN,O,늉뮹,sosnovaya5@ruu.kr,여자,2007,4,14
tour9,Rx72Ezh5Mu,O,다랑랑,tour9@ruu.kr,여자,2003,2,23
rugosa9,PKvb9fn8JR,O,뽕님이,rugosa9@ruu.kr,여자,2005,5,23
roppenheim10,hbUZf4s9gz,O,디지몽,roppenheim10@ruu.kr,여자,2008,9,27
marques10,hMzq6KvBoD,O,땅콘,marques10@ruu.kr,여자,2007,5,2
william7,w3THMbXcJl,O,arenist,william7@ruu.kr,여자,2004,11,28
dragon8,gXpuhbfPMQ,O,sjemek,dragon8@ruu.kr,여자,1999,6,7
automobile5,kytd0enrx2,O,jane1212,automobile5@ruu.kr,여자,2006,11,24
houston3,qbjPiscM0T,O,yukko,houston3@ruu.kr,여자,2004,5,20
cerrita4,twg1jTskcR,O,마토군,cerrita4@ruu.kr,여자,2004,11,7
gamma4,Sh1uq7MiOd,O,doop,gamma4@ruu.kr,여자,2001,4,18
tennessee3,aCjg6bl0FL,O,wishful,tennessee3@ruu.kr,여자,2005,2,14
dover9,FUc0Lm2ka3,O,adr318,dover9@ruu.kr,여자,2005,7,3
cemetery2,jLw91Fn2NV,O,채똑,cemetery2@ruu.kr,여자,2003,2,12
sin10,Lel3MXFjRo,O,Spriteㅇvㅇ,sin10@ruu.kr,여자,2000,8,27
nursing8,RPT9mB4K7s,O,ㅢ늬,nursing8@ruu.kr,여자,2003,12,5
clifford9,mashzby0q5,O,물음표물음표해,clifford9@ruu.kr,여자,2003,12,21
gordini1,zYiAa3M7sW,O,아리에티,gordini1@ruu.kr,여자,2006,4,6
schlesinger9,H2mi3RFT0G,O,hayeon2727,schlesinger9@ruu.kr,여자,2003,1,4
proteins5,tZMrfmVl2F,O,kkjb,proteins5@ruu.kr,여자,2004,7,24
arasu4,2afLAwyF5H,O,조각반지,arasu4@ruu.kr,여자,2004,9,2
xuanba4,1ho5sPujfV,O,cjsww,xuanba4@ruu.kr,여자,1999,10,8
dijksgracht10,MdoJckRnN6,O,mirinae,dijksgracht10@ruu.kr,여자,2000,9,22
lipscomb1,R0kdgM9BfQ,O,jung99,lipscomb1@ruu.kr,여자,2003,3,12
watford4,saX6NPmKQw,O,HalloAlice,watford4@ruu.kr,여자,2006,7,27
south7,N7OKzljTrg,O,lepo,south7@ruu.kr,여자,2000,3,17
avtarjeet6,rYSTPZJMOC,O,오씅,avtarjeet6@ruu.kr,여자,2000,2,15
matthew8,gVruBC0E1M,O,dada,matthew8@ruu.kr,여자,2007,10,22
satellite6,PkzO2JsX9D,O,윱윱윱,satellite6@ruu.kr,여자,2001,4,8
our1,djNOqrwteh,O,msyoon,our1@ruu.kr,여자,2004,8,9
jason3,2ZatuT7l3o,O,codeB,jason3@ruu.kr,여자,2008,11,4
the4,msRTuFjI3t,O,설구,the4@ruu.kr,여자,1999,4,5
ernocornutia2,sSFcgupjCD,O,키키코코코,ernocornutia2@ruu.kr,여자,2002,2,24
braille9,TkjQ5dpwPe,O,민투미,braille9@ruu.kr,여자,2002,12,19
toni10,GEMJnHhj1c,O,딸기병자,toni10@ruu.kr,여자,2001,3,1
shweta6,OePqm3ky1C,O,ylee1129,shweta6@ruu.kr,여자,2003,8,10
dickens8,nWa8zfkCxj,O,djppp,dickens8@ruu.kr,여자,1999,5,20
football2,Ljlpb2Z0H3,O,애거슨사짱,football2@ruu.kr,여자,2000,1,26
old6,d09S2xLYWG,O,zmxn90,old6@ruu.kr,여자,2006,11,5
parkmore7,AkVPpX9Jln,O,에디엄마,parkmore7@ruu.kr,여자,2007,8,28
dilo10,uJIEk4lQX7,O,프레니,dilo10@ruu.kr,여자,2003,4,5
myint3,aMeTJmID1W,O,goals123,myint3@ruu.kr,여자,2007,8,20
protopaussus1,BLlCdbo6v5,O,쭈시,protopaussus1@ruu.kr,여자,2006,6,25
swan4,9vzn4fASop,O,고스트바둑왕,swan4@ruu.kr,여자,2008,10,9
year8,7i0zGcJ3ax,O,소리고동,year8@ruu.kr,여자,2005,4,15
get5,bC5S4PABXW,O,몬체리,get5@ruu.kr,여자,2002,7,19
health1,Ae34icvxl8,O,boogee,health1@ruu.kr,여자,2004,12,26
maggiacomo2,GSQ6EthvZN,O,아지맨교,maggiacomo2@ruu.kr,여자,2003,10,18
balinsky1,CURDJi8eBu,O,꺄르흐륵,balinsky1@ruu.kr,여자,2006,9,2
makotochan6,x6K0mJuU4D,O,조심하겠습니다,makotochan6@ruu.kr,여자,2006,10,26
frank5,TuxkNsiJn4,O,버거내놔,frank5@ruu.kr,여자,2006,12,23
john10,fyoGXlgN6H,O,뽁씰,john10@ruu.kr,여자,2008,8,5
goulanda1,ThGNQ0tnZw,O,쁠링쁠링,goulanda1@ruu.kr,여자,2002,2,19
coventry6,y7M0ZoBXwi,O,효니땅,coventry6@ruu.kr,여자,1999,5,9
biozentrum1,Xg9bOYpoi2,O,wl3690,biozentrum1@ruu.kr,여자,2001,4,4
voivodeship3,fHtaZ8QRLr,O,김해손가락,voivodeship3@ruu.kr,여자,2005,3,11
stanley8,TQroYmUAl0,O,akakappa,stanley8@ruu.kr,여자,2005,4,2
collection5,iHELpcWvSG,O,라면먹고싶다,collection5@ruu.kr,여자,1999,8,28
cordura9,MxnDdTOSwy,O,솜얜,cordura9@ruu.kr,여자,2006,1,13
mckoy4,r3oeJlIU0N,O,53최정민,mckoy4@ruu.kr,여자,2008,12,17
inferior3,s9lT65rcU0,O,하이제주,inferior3@ruu.kr,여자,2002,8,18
rudi3,2lP3Ws6kRt,O,쫑이쫀이,rudi3@ruu.kr,여자,2008,10,25
herts7,jOAmQ9WgxB,O,꿀피붕ㅇ,herts7@ruu.kr,여자,2008,3,20
ellen7,cwOtpskI35,O,파마토끼,ellen7@ruu.kr,여자,2005,8,13
ales3,od8ZjFiOnJ,O,정꼬오,ales3@ruu.kr,여자,2003,5,13
flight7,SU6LRBJg3c,O,cereza,flight7@ruu.kr,여자,1999,7,6
eref4,5MbcXJ9FTQ,O,도쿄,eref4@ruu.kr,여자,2006,7,14
jian7,PjOBzCmoag,O,일꼬야,jian7@ruu.kr,여자,2005,6,20
mao2,Z6TfcKN5aM,O,dasal,mao2@ruu.kr,여자,2003,3,22
neagra5,BENfdPca6U,O,눈설,neagra5@ruu.kr,여자,2006,7,10
mascis10,BHy6YQ9x3w,O,mikkki,mascis10@ruu.kr,여자,2004,7,22
list5,1pSVjJuDmz,O,뾰치,list5@ruu.kr,여자,2006,8,28
climbing8,weWZ6srypP,O,째ㅎ,climbing8@ruu.kr,여자,2000,8,16
wjrd4,YNPCv5iHAz,O,브로스현,wjrd4@ruu.kr,남자,2008,10,23
bumblebeewolf7,g4sR2EawPq,O,다모보,bumblebeewolf7@ruu.kr,여자,2004,4,11
giovanni1,VpXriCjy42,O,윤윤이마미,giovanni1@ruu.kr,여자,2008,2,9
hermani9,8wtvj9xaTS,O,제우스의딸,hermani9@ruu.kr,여자,2000,10,7
artexte9,mM87iWAq1v,O,댕히,artexte9@ruu.kr,여자,2006,5,24
energy4,IH2wnUfZgO,O,사막에핀꽃,energy4@ruu.kr,여자,2008,8,6
vh19,w1vR2AYnbX,O,담화린,vh19@ruu.kr,여자,2003,7,1
maria6,RaQJCsuFXo,O,aktlak,maria6@ruu.kr,여자,2005,6,9
rowlands3,GgeZUcmyJS,O,김꽁치님,rowlands3@ruu.kr,여자,2000,5,15
station9,2JHtW0xIwD,O,고양이과,station9@ruu.kr,여자,1999,7,19
public1,tVfh9iGLCJ,O,냥야앙,public1@ruu.kr,여자,2008,3,8
ted8,kwez4iKSfJ,O,mm0404,ted8@ruu.kr,여자,1999,7,4
season8,dnFVIRfSbX,O,미라이뇽,season8@ruu.kr,여자,2003,12,9
eustomatidae2,di4N1PGkTR,O,벨랴,eustomatidae2@ruu.kr,여자,2000,7,2
pilea5,qXbFMyZuDK,O,쮜공쥬,pilea5@ruu.kr,여자,2004,3,27
newberry5,KuX2SowcgH,O,설쓰,newberry5@ruu.kr,여자,2002,10,25
mandarin6,l5ndyhCNDe,O,싱덩핫,mandarin6@ruu.kr,여자,2000,12,27
algoma10,ulFdmnhNyT,O,으이어,algoma10@ruu.kr,여자,1999,1,2
display10,eFa10hLZsW,O,엄지엄지,display10@ruu.kr,여자,2000,9,20
seattle3,XEeHbJPmZ3,O,안녕요,seattle3@ruu.kr,여자,2007,3,1
fabella7,0ZyML8GieN,O,dkd240,fabella7@ruu.kr,여자,1999,4,19
whitest8,S4n5GBmpwh,O,꼬무줄,whitest8@ruu.kr,여자,2001,2,21
challenge9,c8oHxshKMg,O,xiuy,challenge9@ruu.kr,여자,2008,6,7
oswaldo4,FotGrM0XUK,O,jiah0911,oswaldo4@ruu.kr,여자,2001,7,16
infostate7,N1YujinVk8,O,뚜룻뚜룻뚜,infostate7@ruu.kr,여자,2000,3,21
alesci7,ogIDPOz39b,O,민뮤,alesci7@ruu.kr,남자,2002,7,1
nucula8,2EYDFqIu0Z,O,요체키라웃,nucula8@ruu.kr,여자,2002,7,18
oreodera10,asOtCVM5NR,O,승아씌,oreodera10@ruu.kr,여자,2005,8,17
usb5,ZyAfst2brT,O,황초딩,usb5@ruu.kr,여자,1999,10,20
matt2,2Mb7EOzcCo,O,엘프포에버,matt2@ruu.kr,여자,2004,12,17
throw5,03rpcg4M9C,O,모공부자,throw5@ruu.kr,여자,2000,8,19
football10,m6rRHqPWvQ,O,멜쥬,football10@ruu.kr,여자,2001,9,4
unsuri1,xmpj3JiF5E,O,뜌미닝,unsuri1@ruu.kr,여자,2002,9,28
broadcasting7,MD0uojGsP2,O,효지니블리,broadcasting7@ruu.kr,여자,2000,10,15
allons7,GDFBAPwzek,O,꽈린짱,allons7@ruu.kr,여자,2007,11,17
cup8,8e0NsvmKWy,O,냐ㅓ나,cup8@ruu.kr,여자,2000,8,26
kazan6,Yv7zBO8NMX,O,kdyeon,kazan6@ruu.kr,여자,2008,12,5
country7,JuyClFXtkn,O,휴휴휴휴,country7@ruu.kr,여자,2003,6,28
schineni2,CWkDodF49m,O,강단이엘,schineni2@ruu.kr,여자,2000,6,1
maggie10,7MbNhkVw1u,O,리엘라,maggie10@ruu.kr,여자,2002,4,27
township9,cxv32XjWEe,O,봄호곰,township9@ruu.kr,남자,2001,8,8
burchmore1,fezbWxOKE9,O,죠니야,burchmore1@ruu.kr,여자,2005,12,17
asakura1,leR6TAogjI,O,웅디꿍,asakura1@ruu.kr,여자,2004,3,12
ford4,IQML2yrAWZ,O,아도르네시,ford4@ruu.kr,여자,2006,5,27
rugby2,sIHZAbQkzG,O,한을이옹,rugby2@ruu.kr,여자,2005,8,11
henk7,eYl0GM3kpj,O,윤효경,henk7@ruu.kr,여자,2008,3,10
college1,fLgqTCyODt,O,iso0110,college1@ruu.kr,여자,2005,10,28
takamukui5,sycGvRBTtM,O,민석이의엘사,takamukui5@ruu.kr,여자,2003,6,13
mens7,ES6jPuxwQ7,O,다넹,mens7@ruu.kr,여자,2001,2,21
school2,hyFlq5uVCL,O,wnffl,school2@ruu.kr,여자,2001,3,13
beatles9,iU1cAOPECl,O,뭊너,beatles9@ruu.kr,여자,2005,2,16
tank4,nBkyqDbpr1,O,sgo2,tank4@ruu.kr,여자,2002,10,17
baron9,tbp4xs5uoV,O,욜욜욜,baron9@ruu.kr,여자,2001,5,3
base6,ImiSJCkOcp,O,멋장이토마토,base6@ruu.kr,여자,2006,1,7
judoka3,KljpaInXS5,O,호올리파파스,judoka3@ruu.kr,여자,2004,2,25
allan10,YEqUH6o7Fv,O,블리뽀,allan10@ruu.kr,여자,2003,11,27
magaya1,MyJnvI7g3C,O,지케바라,magaya1@ruu.kr,여자,2000,6,12
north4,zPcbqE1wep,O,난남자가있는데,north4@ruu.kr,여자,2004,7,5
yemeni5,3xTctRHZNf,O,싸우자_기름아,yemeni5@ruu.kr,여자,2006,11,6
david1,AC8j9Y2dWN,O,아이필라이크구찌,david1@ruu.kr,여자,2007,11,2
order1,MTJNYEpymi,O,쁘으으응,order1@ruu.kr,여자,2004,8,10
tenure4,hQmR8T9PUA,O,멜로디많다,tenure4@ruu.kr,여자,2001,4,14
unravished8,lBx2OnuKbE,O,딩굴랑,unravished8@ruu.kr,여자,2000,12,25
mccrory2,S7NHYZX9Dj,O,빠가야로,mccrory2@ruu.kr,여자,1999,3,3
perkins1,f5ArMnJBuN,O,하트젤리입술,perkins1@ruu.kr,여자,2007,4,27
list9,cythni2s01,O,에쁜인지,list9@ruu.kr,여자,2008,7,16
set6,WmeZYEAXPR,O,뇌조,set6@ruu.kr,여자,2003,9,23
id446010,Drx04c2pe1,O,톨끼,id446010@ruu.kr,여자,2008,9,15
placespeak8,586BwPsQRJ,O,코코모,placespeak8@ruu.kr,여자,2001,6,1
walter1,COQhNj2aqD,O,파데유목민0,walter1@ruu.kr,여자,2008,8,1
montongo8,PlN1cvEpr2,O,은쩌,montongo8@ruu.kr,여자,2005,10,10
adolphe1,l38jN4TOr1,O,ekek43,adolphe1@ruu.kr,여자,2004,7,17
mccarter5,bPDdS7OZg9,O,슈밍창,mccarter5@ruu.kr,여자,2003,11,23
beats8,JqusM4oEjH,O,뀨뀨꺆꺄,beats8@ruu.kr,여자,2003,6,3
elshebli2,9BmO3Nwle6,O,daina8,elshebli2@ruu.kr,여자,2001,6,1
lindsay4,SyGYjtzkfA,O,정주나요,lindsay4@ruu.kr,여자,2001,5,11
mary3,Tow7f01O9L,O,운아운아,mary3@ruu.kr,여자,2008,10,1
fernando4,FzkmafSAXU,O,갸,fernando4@ruu.kr,여자,2008,3,4
nature1,LUrJDwXp9z,O,고다,nature1@ruu.kr,여자,2003,1,22
numb7,K2eXR1TxAG,O,bobby.,numb7@ruu.kr,여자,2006,8,13
mes1,6RUeSuYyC1,O,촉촉한초코칩,mes1@ruu.kr,여자,1999,7,3
oslin6,T3OV4aWiUs,O,고구마호박,oslin6@ruu.kr,여자,2000,12,21
duke3,8yWxVJobjT,O,인잉,duke3@ruu.kr,여자,2006,2,9
hotelclass10,2HOFmP3fGZ,O,뚱땡님,hotelclass10@ruu.kr,여자,2001,1,21
united6,oRnUQTSx6r,O,앗싸라뵹,united6@ruu.kr,여자,2007,6,1
cavalier5,r8t2bnik9Q,O,구미호인형,cavalier5@ruu.kr,여자,2004,12,7
algorithm1,ReLGBSlqP1,O,뷰리티풀,algorithm1@ruu.kr,여자,2007,2,10
mckenna1,Ous0dkalC3,O,단감감,mckenna1@ruu.kr,여자,2008,6,20
kevin2,7fqYNXDk40,O,뜌루룽,kevin2@ruu.kr,여자,1999,8,9
lentera9,LaZQMw8UDu,O,esther2195,lentera9@ruu.kr,여자,2005,8,10
thomas4,YrgRNiqpyQ,O,기임매력,thomas4@ruu.kr,여자,2005,6,16
chimney1,oZKWdFe5z4,O,빂규영,chimney1@ruu.kr,여자,2005,10,26
actinoschoenus10,Ehe2fGpqzk,O,제발제발제발,actinoschoenus10@ruu.kr,여자,2001,8,8
lakes1,059Ge37uJO,O,딸기요구르트,lakes1@ruu.kr,여자,2008,12,20
milborne7,m8Qb5V4qwk,O,화목한,milborne7@ruu.kr,여자,2000,10,19
spilostethus9,mgdSJxUAOT,O,바다노예,spilostethus9@ruu.kr,여자,2002,4,6
games7,Doj9YzRXic,O,체리미니쉘,games7@ruu.kr,여자,1999,3,3
ficus7,gBUGqIuh7F,O,헤헿ㅎㅎ,ficus7@ruu.kr,여자,2007,5,4
sonnenfeldt5,0aOG3rQskq,O,요니:),sonnenfeldt5@ruu.kr,여자,2007,8,2
colin10,eiLl94DIqx,O,양리,colin10@ruu.kr,여자,2007,4,2
umbonata9,QinNrG1MsF,O,유자탱자,umbonata9@ruu.kr,여자,2001,1,15
leroy9,E4remkC980,O,미루야,leroy9@ruu.kr,여자,1999,3,9
season1,t75cbiZ4LR,O,혜꽁주,season1@ruu.kr,여자,2001,2,3
habu7,s97MIVzQy2,O,jenkan,habu7@ruu.kr,여자,2002,1,17
joseph8,OY3iXoNrw2,O,됸이,joseph8@ruu.kr,여자,1999,6,14
qiande2,8BLsiCDXvE,O,맹둥이,qiande2@ruu.kr,여자,2008,9,11
list7,U5Aj8K3sMy,O,노을빛코난,list7@ruu.kr,여자,2003,7,11
market4,r6TE79yQ84,O,신민아,market4@ruu.kr,여자,1999,1,10
beeston4,HXjkm2SIaF,O,안녕하새오,beeston4@ruu.kr,여자,2002,5,8
hendricks4,EzRDgGyP4A,O,청순한밤비,hendricks4@ruu.kr,여자,2000,4,27
uss10,YcHK1yClnA,O,빠빠빳,uss10@ruu.kr,여자,2006,12,13
futagoyama5,x79OYmlVck,O,팝콘용이,futagoyama5@ruu.kr,여자,2005,7,16
kansas4,FT7IUAQJ1P,O,파파버블ㄹ,kansas4@ruu.kr,여자,2008,11,22
bunaciu8,2DvE94LfmX,O,연토리,bunaciu8@ruu.kr,여자,2008,7,24
bureau9,qvp9YwfznQ,O,햄ㅌㅌㅌ리,bureau9@ruu.kr,여자,2000,9,26
jungle5,DFXfxG9ikS,O,얀미,jungle5@ruu.kr,여자,2000,12,27
giganteum1,89gb6idosa,O,백투더,giganteum1@ruu.kr,여자,1999,5,18
willoughby5,i4PF6URIeB,O,kkey,willoughby5@ruu.kr,여자,2001,2,15
league5,QMq3XgTAf0,O,솔찡,league5@ruu.kr,여자,2008,12,21
shasta3,EJLUtZ4OPS,O,씽씽씽,shasta3@ruu.kr,여자,1999,4,11
bernardthomas1,vdpnIL19zY,O,wing,bernardthomas1@ruu.kr,여자,2001,5,18
accademia6,AYB1LXSpiq,O,햡,accademia6@ruu.kr,여자,2006,3,1
medicine6,Szmi1tp38A,O,어비몬스터,medicine6@ruu.kr,여자,2003,8,8
town9,AKkiNCSEbs,O,혜썬:),town9@ruu.kr,여자,2001,1,15
madonal7,CAevqtih6H,O,ㅅㅈ2,madonal7@ruu.kr,여자,2008,2,23
murray2,8QBq0kOYLN,O,Darlu,murray2@ruu.kr,여자,2002,2,3
najdenov1,w21qbumxMn,O,쑫이,najdenov1@ruu.kr,여자,2002,2,3
marek3,4GjRKpw31u,O,ZiZi898,marek3@ruu.kr,여자,2005,12,25
divide8,jvXxi5bIap,O,플라밍고PP,divide8@ruu.kr,여자,2008,11,6
amarkanan1,iY48zP9U6e,O,cuuu135,amarkanan1@ruu.kr,여자,2007,1,8
university1,5czvU9rOXk,O,햄슈터,university1@ruu.kr,여자,1999,6,20
skytrak5,qc5jhOPsx2,O,globalpick,skytrak5@ruu.kr,남자,2006,12,13
acme1,IMsCw4Yfez,O,도스,acme1@ruu.kr,남자,2002,5,19
johannesburg8,bKZX1Jnry9,O,soo쁘,johannesburg8@ruu.kr,여자,2004,7,11
world2,ma9Yz0LvSV,O,위라잌투뱅뱅,world2@ruu.kr,여자,2005,12,12
omer3,6S7Gd3XMIT,O,moormoor,omer3@ruu.kr,여자,2005,10,11
barrel3,ukWjUEPAr9,O,lauraa,barrel3@ruu.kr,여자,2005,1,16
rotterdam7,Z7zWv4DG6N,O,djoosn,rotterdam7@ruu.kr,여자,2008,4,19
blackman8,5KrOwzWSyd,O,성검,blackman8@ruu.kr,여자,2000,12,6
railway9,2bXTmPSYif,O,유내스코,railway9@ruu.kr,여자,2008,2,18
gn1080366,t5DZxNniWu,O,wlgus9394,gn1080366@ruu.kr,여자,1999,11,2
tabbat1,vX2xDYgQAG,O,주이주이,tabbat1@ruu.kr,여자,2006,4,17
city10,qFeh9wYdgZ,O,리겝,city10@ruu.kr,여자,1999,6,12
saintdonatsurlherbasse10,SHLjqalRvt,O,시선,saintdonatsurlherbasse10@ruu.kr,여자,2003,9,25
front9,BZ0q5VieXh,O,minnie11,front9@ruu.kr,여자,2007,7,10
navagamghed6,8UYCgJHQAu,O,만두님의코덕코덕,navagamghed6@ruu.kr,여자,2001,4,15
grapette6,yFUx0gOWq2,O,마니아아니아,grapette6@ruu.kr,여자,2004,4,11
thacher10,fbQP82E4GM,O,쓔앙건성,thacher10@ruu.kr,여자,2005,6,13
wlh503,6wfu7FhDJX,O,쭈힁ㅁ,wlh503@ruu.kr,여자,2001,5,14
chrysaora1,hqBza3UpRf,O,솔직하자,chrysaora1@ruu.kr,남자,2000,9,25
ennin8,Xr6xpgAln5,O,ruddms,ennin8@ruu.kr,여자,2002,5,22
ivan6,vAhqVJ5Qw8,O,현주먹뽭,ivan6@ruu.kr,여자,2008,7,20
helmi5,45jkNgviOG,O,얼음식혜,helmi5@ruu.kr,여자,2001,3,27
administrative3,JZr56sLfzE,O,임밍둥,administrative3@ruu.kr,여자,2002,7,6
mountain4,anTXJSNw7p,O,먀무먀,mountain4@ruu.kr,여자,2001,8,1
robin6,4ycAuMZhPw,O,메리나,robin6@ruu.kr,여자,2002,10,16
liberty3,XwucKLy0D9,O,도진이내꺼,liberty3@ruu.kr,여자,2005,9,14
mount7,DeW0EuS519,O,viewmoon,mount7@ruu.kr,여자,2003,3,28
boas6,HlgWL6RJBO,O,솜솜솜솜솜솜,boas6@ruu.kr,여자,2003,5,21
anta3,MQ3iRnHKD7,O,예쥥,anta3@ruu.kr,여자,1999,1,1
owch6,T0wYgj15Dd,O,달달메이,owch6@ruu.kr,여자,2007,8,14
brimfield9,LSgPVUFI8f,O,찬율맘,brimfield9@ruu.kr,여자,1999,11,17
forrest4,Wq4fgax6bd,O,장유진122,forrest4@ruu.kr,여자,2004,8,12
july5,QrNIhsPl4k,O,선아선아선아,july5@ruu.kr,여자,2003,9,21
castle3,BJsuk4mzKO,O,사랑1114,castle3@ruu.kr,여자,2008,4,12
viridescens2,IbqmzWQFgS,O,낑깡꽁꿍,viridescens2@ruu.kr,여자,2001,6,12
snake2,aYZlTbjSHz,O,CHAENN,snake2@ruu.kr,여자,2007,7,10
pachymantis9,FXwIKaDBTx,O,진잉양,pachymantis9@ruu.kr,여자,1999,4,18
house2,w0DO6dcQte,O,종용송,house2@ruu.kr,여자,2003,10,28
grzegorz1,7xLmJaHEdQ,O,지니78,grzegorz1@ruu.kr,여자,2002,3,2
cycleway5,x0dO4AlhNv,O,사슴2,cycleway5@ruu.kr,여자,2001,3,22
ricoh3,wleZ08SvKA,O,LRrosie,ricoh3@ruu.kr,여자,2003,1,16
raw4,bO35pRKGV0,O,보경공듀,raw4@ruu.kr,여자,2008,9,4
meier6,2kiWAhmueY,O,다람둥이,meier6@ruu.kr,여자,2001,11,25
rajbhar5,Oh4DzPVjTR,O,재뎡,rajbhar5@ruu.kr,여자,2000,11,13
global5,ZJdwyep5av,O,날쌘리,global5@ruu.kr,여자,1999,6,23
barrancas3,ZCBSLWnm7p,O,웃어줄래요,barrancas3@ruu.kr,여자,2002,9,12
slabtown8,DbwufMscqE,O,면들레,slabtown8@ruu.kr,여자,2002,11,27
time9,ioBDHzPhKu,O,도람쥐네,time9@ruu.kr,여자,2005,1,28
cheloniology2,8ABUxymH2r,O,해뤼스타일스,cheloniology2@ruu.kr,여자,1999,1,23
school5,EkBtvuz9PF,O,k91116,school5@ruu.kr,여자,2000,9,21
pierrepoint6,AaReTSfQwd,O,0000007,pierrepoint6@ruu.kr,여자,2001,8,25
andur3,5B0u36nmji,O,꽃톰,andur3@ruu.kr,여자,2005,5,12
marc8,1IUFCwQByV,O,닉쿤,marc8@ruu.kr,여자,1999,9,4
hunger10,B4k1lWvFRM,O,Yuna☆,hunger10@ruu.kr,여자,2002,1,22
province5,8ezVrcBsgd,O,이에스,province5@ruu.kr,여자,2003,9,14
international8,Lau1GnKpXZ,O,담진,international8@ruu.kr,여자,2001,11,7
science4,zWdK5uJq6O,O,mercibenny,science4@ruu.kr,여자,2005,5,5
series8,TuJyvQVjSD,O,봄드링,series8@ruu.kr,여자,1999,1,16
shaw3,3aZ0vSVlrF,O,떠녕겅듀,shaw3@ruu.kr,여자,2001,3,27
house9,Mkfg0maBZY,O,푸하푸,house9@ruu.kr,여자,2008,4,7
jean7,z3gWtjUXR5,O,100억소녀,jean7@ruu.kr,여자,2005,9,9
canada7,E1DS4B3c78,O,신선한참치,canada7@ruu.kr,여자,2007,1,2
slavskaya10,SfpdWo2wKJ,O,김유글,slavskaya10@ruu.kr,여자,2001,10,23
nachhatar8,lZXyYuQ7AE,O,이즐라,nachhatar8@ruu.kr,여자,2003,2,20
greek8,mbTyfHwDVE,O,고고가쟈,greek8@ruu.kr,여자,2003,5,24
south3,nRZb831uhH,O,현빈보조개,south3@ruu.kr,여자,1999,11,11
tandem10,l7T1WZHNxw,O,뚜스니,tandem10@ruu.kr,여자,2005,7,3
prince4,1cSU8rgNhP,O,주원문,prince4@ruu.kr,여자,2004,10,19
vareilles3,oEARrjyPUO,O,밈디,vareilles3@ruu.kr,여자,1999,6,6
karl6,fTw856csrN,O,아네모네,karl6@ruu.kr,여자,2008,4,5
zavala3,aPxi12h43D,O,캊캊,zavala3@ruu.kr,여자,2003,4,25
khromka4,h9HMJEV5qB,O,jackjack,khromka4@ruu.kr,여자,2003,6,16
mamman8,stVn09jB7A,O,ElinY,mamman8@ruu.kr,여자,2004,3,19
arar8,2MhwE8AeNC,O,j_dan2,arar8@ruu.kr,여자,2002,10,17
powell3,Etyrgd3MvS,O,아야야야,powell3@ruu.kr,여자,2005,1,5
sir10,2bBImwMXnJ,O,jeanholic,sir10@ruu.kr,여자,2005,3,26
frank10,AzLkV7DHJ3,O,anidori12,frank10@ruu.kr,여자,2000,6,13
seamount7,hYvRyDpNnB,O,멍뮹녤,seamount7@ruu.kr,여자,2000,10,7
coefficient10,06IKNPkuyM,O,kny1909,coefficient10@ruu.kr,여자,2005,9,2
tests7,eGBwP9ZKDA,O,깅블리,tests7@ruu.kr,여자,1999,11,28
submarine2,j9PdsXWicT,O,petitpiggy,submarine2@ruu.kr,여자,2003,2,10
conspectum1,KuwoVfFGhX,O,미분당,conspectum1@ruu.kr,여자,1999,7,8
secretariat8,nPjNJGr7Ae,O,뽀송뽀송졍,secretariat8@ruu.kr,여자,2008,9,22
woonsocket5,8aMEWSd3RI,O,베베쁘와르,woonsocket5@ruu.kr,여자,2004,8,27
beverley5,tW8FXpqxAY,O,홈플러스,beverley5@ruu.kr,여자,2003,2,4
robert8,fTz84OqP01,O,잉여의정석,robert8@ruu.kr,여자,2000,10,5
bertus3,aDKxqw8RAP,O,바라냥,bertus3@ruu.kr,여자,2006,3,2
baroka1,xfImsZ31kq,O,글로우핃,baroka1@ruu.kr,여자,2002,7,20
parish7,P6WtEQMDew,O,이모씨네딸,parish7@ruu.kr,여자,2006,3,16
johannes10,l0NdWZAazv,O,픽픽쏙,johannes10@ruu.kr,여자,2004,5,26
gabriela7,1Iy9xXcYge,O,앵두꽃,gabriela7@ruu.kr,여자,2001,8,13
rob8,hjAV6FQONa,O,살몬핑크,rob8@ruu.kr,여자,2000,9,9
belgian3,MXsmjVAUtZ,O,은세,belgian3@ruu.kr,여자,2006,6,28
ester9,fEGoT64L8q,O,skfo79,ester9@ruu.kr,여자,2002,1,24
endometrial9,vLbBR75J0s,O,어빠어빵,endometrial9@ruu.kr,여자,2002,5,22
susdorf1,Bk05KxNL3p,O,햄씨,susdorf1@ruu.kr,여자,2000,7,17
francis4,n7hQVpzxIy,O,msjuho,francis4@ruu.kr,여자,2002,2,7
graben1,c0yR4oniWJ,O,화장솜사야지,graben1@ruu.kr,여자,2006,1,21
nucleolar1,oIGrRb7nBQ,O,아기다리고기,nucleolar1@ruu.kr,여자,2005,12,14
michael5,lQGud0vJ8m,O,귤귥,michael5@ruu.kr,여자,1999,5,16
brezje6,y3c1nHOZ7B,O,좋별,brezje6@ruu.kr,여자,2000,10,9
catholic8,PAIHfhsUoN,O,비범한닉네임,catholic8@ruu.kr,여자,2006,3,8
sahatwar6,HvTkqWNK68,O,꼬뷰기뿅,sahatwar6@ruu.kr,여자,2002,6,21
university3,9Cr5slDcQJ,O,망꼬,university3@ruu.kr,여자,2005,6,23
guerrero1,5en4TgkjFx,O,산토리니13,guerrero1@ruu.kr,남자,2004,6,12
gare5,Lz19khpWnX,O,JSSuh,gare5@ruu.kr,여자,2007,7,6
john8,WNEQHOp2fV,O,툥이사랑해,john8@ruu.kr,여자,2002,10,27
bird1,iXqj305FdD,O,Sx133,bird1@ruu.kr,여자,2004,12,3
nolan7,vscMyYuiQG,O,noopy8300,nolan7@ruu.kr,여자,2007,2,13
blenny10,Mb4kTSpL9f,O,뀨으응,blenny10@ruu.kr,여자,2001,3,2
jandiala10,SWnM8xPRKL,O,별이방긋,jandiala10@ruu.kr,여자,1999,7,10
tethys7,8LpWwdMRFs,O,nenekiki,tethys7@ruu.kr,여자,2000,10,27
tatyana7,ZRUasrOyD7,O,뿌꾸쮸쀼,tatyana7@ruu.kr,여자,2003,10,7
gibbs8,KPSiCquXmA,O,딘듀맑은크림,gibbs8@ruu.kr,여자,2002,5,7
medusa7,dFMghf23Vx,O,ㅎㅅㅅㅎㅇ,medusa7@ruu.kr,여자,2005,12,16
basketball9,UpjA2DNkFQ,O,초둉이,basketball9@ruu.kr,여자,2005,3,1
dhx385,0trJUKwHCa,O,벜벜,dhx385@ruu.kr,여자,2005,8,10
search6,8lVtrc0hIj,O,이제리,search6@ruu.kr,여자,2008,3,10
linowo3,ns9UVDkYo6,O,깜냥깜냥,linowo3@ruu.kr,여자,2002,2,9
cage10,ep6zo9fSUh,O,sardy779,cage10@ruu.kr,여자,2002,3,14
ghoveyleh2,u1rHDcqi89,O,lilt83,ghoveyleh2@ruu.kr,여자,2006,4,8
jean1,64cnSW9uPr,O,늅,jean1@ruu.kr,여자,2007,6,15
coolmore6,GHSpOjLW7U,O,bbfce,coolmore6@ruu.kr,여자,2004,5,22
munson2,wg5Z2VUBXx,O,sstar,munson2@ruu.kr,여자,2000,11,19
belarus10,whSyRAO6n9,O,배고프다,belarus10@ruu.kr,여자,2000,10,3
loomis2,4v0nOCsp76,O,닭강정뿌잉,loomis2@ruu.kr,여자,2005,6,28
from3,Z6ijgQNu82,O,라라ㄹ,from3@ruu.kr,여자,2003,6,27
judgement1,Adlcnj3m0B,O,부밍,judgement1@ruu.kr,여자,2000,10,7
paul8,uPsA6d5xhY,O,메컵라면,paul8@ruu.kr,여자,2005,5,15
uplift5,vQ2AfsMDzE,O,나는슈슈슞,uplift5@ruu.kr,여자,2007,9,9
murk4,QcGRkiHLKM,O,무화과숲,murk4@ruu.kr,여자,2003,3,23
longilobata2,smULHrqKBw,O,권희연,longilobata2@ruu.kr,여자,2007,1,20
tom5,onRyT1QW6E,O,오렌지여사,tom5@ruu.kr,여자,2005,12,22
laminoirs10,MpIb0kjCFB,O,이쁭니,laminoirs10@ruu.kr,여자,2008,1,3
mulberry5,xuZQSn4NEs,O,아따기모띠,mulberry5@ruu.kr,여자,2003,10,15
james4,E3wJY5gfNS,O,김쀼쀼,james4@ruu.kr,여자,2008,1,22
once6,L1dcK3YFTn,O,이애화,once6@ruu.kr,여자,2008,2,2
phasael5,dD8QV7N9H3,O,연1주,phasael5@ruu.kr,여자,2000,2,3
sial4,3PLOZyoX9m,O,teo111,sial4@ruu.kr,여자,1999,11,18
district7,TB87RWur5b,O,기싱꿈꼬또,district7@ruu.kr,여자,2003,3,28
matondo8,YPdnjGxRgf,O,apply,matondo8@ruu.kr,여자,2007,5,10
milorad9,XE2JgDipdv,O,래오,milorad9@ruu.kr,여자,2008,1,26
neville4,Jl7jY0Nw4g,O,태히뇽,neville4@ruu.kr,여자,2008,7,28
episcopal9,vezEwr1b9O,O,중리토끼댁,episcopal9@ruu.kr,여자,2005,7,19
prairie1,1jt0UCsAn3,O,늅늅이,prairie1@ruu.kr,여자,2003,9,14
commotria7,6V0QZBDvhu,O,니로랭,commotria7@ruu.kr,여자,2004,5,7
dermbach8,srzGIbt9e6,O,애뿐이뇽ㅇl,dermbach8@ruu.kr,여자,2007,4,15
use7,CxKy8mRbOV,O,쵸블리,use7@ruu.kr,여자,2005,9,27
crater2,zKcxjgbLNE,O,독설마녀,crater2@ruu.kr,여자,2006,11,12
provincial9,VL7CHBX6yg,O,jyn6,provincial9@ruu.kr,여자,2006,5,6
cemetery4,RsmEcByGAj,O,아직방법몰라,cemetery4@ruu.kr,여자,1999,8,20
hickory8,69m70UATOx,O,하느,hickory8@ruu.kr,여자,2007,12,22
kottachantha7,sak3QzKC7i,O,시앙,kottachantha7@ruu.kr,여자,2005,12,28
band7,wiNUrhnfI2,O,현딘,band7@ruu.kr,여자,2003,10,24
biologist7,oDkt9Uc23T,O,나른한나론,biologist7@ruu.kr,여자,2004,1,23
oil10,pwB8y4hWHu,O,해찬이누나,oil10@ruu.kr,여자,2004,4,23
robert5,27tFXajghi,O,춤추는지렁,robert5@ruu.kr,여자,2005,10,26
lorazepam5,O2eV96gBTw,O,완이바라기,lorazepam5@ruu.kr,여자,1999,3,27
nikolay6,CxPdyfrJuv,O,유데,nikolay6@ruu.kr,여자,2007,2,25
voivodeship6,f2CJRavi0s,O,햇찌,voivodeship6@ruu.kr,여자,2008,10,10
howell8,pSsmHQFgjJ,O,망고망고망,howell8@ruu.kr,여자,2003,5,1
